id,client_id,company_id,module_id,feature_code,feature_name,screen_name,serial_no,excel_upload_allowed,copy_allowed,approve_allowed,is_active,is_deleted,created_at,created_by,updated_at,updated_by,group_code,group_name,group_serial_no
5cded689-9999-448c-b7cc-0c24e7d17ed8,5cf9eacb-77c4-4ec6-ba87-a4fc24d05f1a,e8ea07be-afce-4063-abe3-96945fc5c10b,da9ca962-4243-40db-a8f7-25f1e7efab6d,MST-CUST,Customer Master,/master/customers,0,false,false,false,true,false,2026-07-18 14:46:22.927449+00,null,null,null,AD-MSTG,Master Data,2
ba83d600-50b2-404a-843e-7a3e20297338,5cf9eacb-77c4-4ec6-ba87-a4fc24d05f1a,e8ea07be-afce-4063-abe3-96945fc5c10b,da9ca962-4243-40db-a8f7-25f1e7efab6d,MST-SUPP,Supplier Master,/master/suppliers,1,false,false,false,true,false,2026-07-18 14:46:22.927449+00,null,null,null,AD-MSTG,Master Data,2
32b2c5e7-876e-4c73-912f-5afbbd447c6f,5cf9eacb-77c4-4ec6-ba87-a4fc24d05f1a,e8ea07be-afce-4063-abe3-96945fc5c10b,da9ca962-4243-40db-a8f7-25f1e7efab6d,MST-COA,Chart of Accounts,/master/accounts,2,false,false,false,true,false,2026-08-05 07:41:01.474098+00,null,null,null,AD-MSTG,Master Data,2
f017a176-579d-40be-92d4-0363c52c12d9,5cf9eacb-77c4-4ec6-ba87-a4fc24d05f1a,e8ea07be-afce-4063-abe3-96945fc5c10b,da9ca962-4243-40db-a8f7-25f1e7efab6d,MST-ITC,Item Categories,/master/item-categories,3,false,false,false,true,false,2026-08-05 07:41:01.474098+00,null,null,null,AD-MSTG,Master Data,2
9db9ed8c-f88b-46ed-ad24-fbc0a757d008,5cf9eacb-77c4-4ec6-ba87-a4fc24d05f1a,e8ea07be-afce-4063-abe3-96945fc5c10b,da9ca962-4243-40db-a8f7-25f1e7efab6d,MST-CMN,Common Masters,/master/common-masters,4,false,false,false,true,false,2026-08-05 07:41:01.474098+00,null,null,null,AD-MSTG,Master Data,2
9017799d-f7d6-4bf8-9aec-99c008c42f68,5cf9eacb-77c4-4ec6-ba87-a4fc24d05f1a,e8ea07be-afce-4063-abe3-96945fc5c10b,da9ca962-4243-40db-a8f7-25f1e7efab6d,MST-TAX,Tax Master,/master/tax-master,5,false,false,false,true,false,2026-08-05 07:41:01.474098+00,null,null,null,AD-MSTG,Master Data,2
744bf49f-a40b-434b-9ec2-e33523f43382,5cf9eacb-77c4-4ec6-ba87-a4fc24d05f1a,e8ea07be-afce-4063-abe3-96945fc5c10b,da9ca962-4243-40db-a8f7-25f1e7efab6d,MST-TXG,Tax Groups,/master/tax-groups,6,false,false,false,true,false,2026-08-05 07:41:01.474098+00,null,null,null,AD-MSTG,Master Data,2
9021d357-80a4-4011-abda-0d7bebd9a7c1,5cf9eacb-77c4-4ec6-ba87-a4fc24d05f1a,e8ea07be-afce-4063-abe3-96945fc5c10b,da9ca962-4243-40db-a8f7-25f1e7efab6d,MST-CHG,Additional Charges,/master/additional-charges,7,false,false,false,true,false,2026-08-05 07:41:01.474098+00,null,null,null,AD-MSTG,Master Data,2
149e5389-3086-465f-934b-7bde45b0b692,5cf9eacb-77c4-4ec6-ba87-a4fc24d05f1a,e8ea07be-afce-4063-abe3-96945fc5c10b,da9ca962-4243-40db-a8f7-25f1e7efab6d,MST-ALS,Account Link Setup,/master/account-link-setup,8,false,false,false,true,false,2026-08-05 07:41:01.474098+00,null,null,null,AD-MSTG,Master Data,2
19601ad4-408b-4e79-abac-c504bcc26f87,5cf9eacb-77c4-4ec6-ba87-a4fc24d05f1a,e8ea07be-afce-4063-abe3-96945fc5c10b,da9ca962-4243-40db-a8f7-25f1e7efab6d,MST-IAL,Item Account Links,/master/item-account-links,9,false,false,false,true,false,2026-08-05 07:41:01.474098+00,null,null,null,AD-MSTG,Master Data,2
9b846be2-d90c-4cda-a0fc-9cda9f4a1b13,5cf9eacb-77c4-4ec6-ba87-a4fc24d05f1a,e8ea07be-afce-4063-abe3-96945fc5c10b,da9ca962-4243-40db-a8f7-25f1e7efab6d,MST-PRD,Product Master,/master/products,10,false,false,false,true,false,2026-08-05 07:41:01.474098+00,null,null,null,AD-MSTG,Master Data,2
03dcc3d0-7cd8-4a44-a558-bdcffbe613fb,5cf9eacb-77c4-4ec6-ba87-a4fc24d05f1a,e8ea07be-afce-4063-abe3-96945fc5c10b,da9ca962-4243-40db-a8f7-25f1e7efab6d,AD-PRL,Product List,/master/products,0,false,false,false,true,false,2026-06-29 15:17:31.58741+00,null,null,null,AD-SETG,System Setup,0
5677a477-1225-4d00-a7e2-a5c47bf841ca,5cf9eacb-77c4-4ec6-ba87-a4fc24d05f1a,e8ea07be-afce-4063-abe3-96945fc5c10b,da9ca962-4243-40db-a8f7-25f1e7efab6d,AD-ULS,User Location Setup,/setup/user-location-access,0,false,false,false,true,false,2026-07-01 17:31:05.692089+00,null,null,null,AD-SETG,System Setup,0
f35e349e-58db-4f36-a500-cfc8560ff6ad,5cf9eacb-77c4-4ec6-ba87-a4fc24d05f1a,e8ea07be-afce-4063-abe3-96945fc5c10b,da9ca962-4243-40db-a8f7-25f1e7efab6d,AD-ADM,Additional Chanrges,/master/additional-charges,0,false,false,false,true,false,2026-07-02 16:21:55.39812+00,null,null,null,AD-SETG,System Setup,0
917b3f3f-9d66-4bcb-8b80-3b708267ad90,5cf9eacb-77c4-4ec6-ba87-a4fc24d05f1a,e8ea07be-afce-4063-abe3-96945fc5c10b,da9ca962-4243-40db-a8f7-25f1e7efab6d,AD-ALS,Account Link Setup,/master/account-link-setup,0,false,false,false,true,false,2026-07-02 18:29:49.999028+00,null,null,null,AD-SETG,System Setup,0
9be807b0-8773-47bd-8a4f-0a5d425c5ebc,5cf9eacb-77c4-4ec6-ba87-a4fc24d05f1a,e8ea07be-afce-4063-abe3-96945fc5c10b,da9ca962-4243-40db-a8f7-25f1e7efab6d,AD-IAL,Item/Product Account Linking,/master/item-account-links,0,false,false,false,true,false,2026-07-03 03:11:30.293343+00,null,null,null,AD-SETG,System Setup,0
66688c7d-ab92-45c4-90b1-fa24a0a058ba,5cf9eacb-77c4-4ec6-ba87-a4fc24d05f1a,e8ea07be-afce-4063-abe3-96945fc5c10b,da9ca962-4243-40db-a8f7-25f1e7efab6d,AD-PRC,Period Close Settings,/setup/period-close,0,false,false,false,true,false,2026-07-04 03:48:35.494619+00,null,null,null,AD-SETG,System Setup,0
916c831b-5c64-462b-814e-06910883698b,5cf9eacb-77c4-4ec6-ba87-a4fc24d05f1a,e8ea07be-afce-4063-abe3-96945fc5c10b,da9ca962-4243-40db-a8f7-25f1e7efab6d,AD-BKE,Back Dated Entry Settings,/setup/backdated-entry-control,0,false,false,false,true,false,2026-07-04 03:49:12.351888+00,null,null,null,AD-SETG,System Setup,0
a940218f-8631-4440-8f82-9995f5c73e5e,5cf9eacb-77c4-4ec6-ba87-a4fc24d05f1a,e8ea07be-afce-4063-abe3-96945fc5c10b,da9ca962-4243-40db-a8f7-25f1e7efab6d,AD-PGS,Product Transaction Permission,/setup/product-flag-types,0,false,false,false,true,false,2026-06-26 17:42:38.837244+00,null,null,null,AD-SETG,System Setup,0
cd8340f7-e8dd-4ccd-88dd-7acac7d9f2f8,5cf9eacb-77c4-4ec6-ba87-a4fc24d05f1a,e8ea07be-afce-4063-abe3-96945fc5c10b,da9ca962-4243-40db-a8f7-25f1e7efab6d,AD-MN,Setup Master Menu,/setup/locations,0,false,false,false,true,false,2026-06-15 13:29:19.286269+00,null,null,null,AD-SETG,System Setup,0
d6130852-4c62-4a13-a3c4-3fa3936d8d01,5cf9eacb-77c4-4ec6-ba87-a4fc24d05f1a,e8ea07be-afce-4063-abe3-96945fc5c10b,da9ca962-4243-40db-a8f7-25f1e7efab6d,AD-TXS,Tax Master,/master/tax-master,0,false,false,false,true,false,2026-06-27 06:08:25.592606+00,null,null,null,AD-SETG,System Setup,0
8405849d-cc20-41bf-8735-fea800b83f79,5cf9eacb-77c4-4ec6-ba87-a4fc24d05f1a,e8ea07be-afce-4063-abe3-96945fc5c10b,da9ca962-4243-40db-a8f7-25f1e7efab6d,AD-DIV,Country Divisions,/setup/divisions,0,false,false,false,true,false,2026-06-18 14:52:30.836726+00,null,null,null,AD-SETG,System Setup,0
4cc54726-2982-4943-b0d8-7c67f531f5e2,5cf9eacb-77c4-4ec6-ba87-a4fc24d05f1a,e8ea07be-afce-4063-abe3-96945fc5c10b,da9ca962-4243-40db-a8f7-25f1e7efab6d,AD-CIT,cities,/setup/cities,0,false,false,false,true,false,2026-06-18 14:53:31.66595+00,null,null,null,AD-SETG,System Setup,0
34edda00-2f55-4de3-bb85-7e52c27bba7d,5cf9eacb-77c4-4ec6-ba87-a4fc24d05f1a,e8ea07be-afce-4063-abe3-96945fc5c10b,da9ca962-4243-40db-a8f7-25f1e7efab6d,AD-ACT,Accouting Setup,/setup/accounting,0,false,false,false,true,false,2026-06-18 14:54:52.071116+00,null,null,null,AD-SETG,System Setup,0
4a4a1078-8b39-49b2-a781-680fa359817a,5cf9eacb-77c4-4ec6-ba87-a4fc24d05f1a,e8ea07be-afce-4063-abe3-96945fc5c10b,da9ca962-4243-40db-a8f7-25f1e7efab6d,AC-COA,Chart of Account,/master/accounts,0,false,false,false,true,false,2026-06-18 15:09:45.52526+00,null,null,null,AD-SETG,System Setup,0
931c3b33-b60b-4968-a2d0-c695c76fdbd7,5cf9eacb-77c4-4ec6-ba87-a4fc24d05f1a,e8ea07be-afce-4063-abe3-96945fc5c10b,da9ca962-4243-40db-a8f7-25f1e7efab6d,AD-M001,Common Masters,/master/common-masters,0,false,false,false,true,false,2026-06-25 14:29:23.871202+00,null,null,null,AD-SETG,System Setup,0
005153d7-3dd4-4524-9617-89cae126c4d8,5cf9eacb-77c4-4ec6-ba87-a4fc24d05f1a,e8ea07be-afce-4063-abe3-96945fc5c10b,da9ca962-4243-40db-a8f7-25f1e7efab6d,AD-PCS,Product Category Level Setup,/setup/category-levels,0,false,false,false,true,false,2026-06-26 17:43:37.162917+00,null,null,null,AD-SETG,System Setup,0
b6e42c72-a2c2-496f-8673-8008645bd2af,5cf9eacb-77c4-4ec6-ba87-a4fc24d05f1a,e8ea07be-afce-4063-abe3-96945fc5c10b,da9ca962-4243-40db-a8f7-25f1e7efab6d,AD-ICS,Product Category Master,/master/item-categories,0,false,false,false,true,false,2026-06-26 17:46:00.788738+00,null,null,null,AD-SETG,System Setup,0
ca058f93-c556-427b-80af-7ea04ae945e8,5cf9eacb-77c4-4ec6-ba87-a4fc24d05f1a,e8ea07be-afce-4063-abe3-96945fc5c10b,da9ca962-4243-40db-a8f7-25f1e7efab6d,AD-TXG,Tax Groups,/master/tax-groups,0,false,false,false,true,false,2026-06-27 06:07:22.964757+00,null,null,null,AD-SETG,System Setup,0
e23d7d78-ba11-4a8e-b80a-1fabc1007e29,5cf9eacb-77c4-4ec6-ba87-a4fc24d05f1a,e8ea07be-afce-4063-abe3-96945fc5c10b,da9ca962-4243-40db-a8f7-25f1e7efab6d,AD-CNT,Country Setup,/setup/countries,1,false,false,false,true,false,2026-06-17 15:12:18.56237+00,null,null,null,AD-SETG,System Setup,0
017b41e8-352a-4e4a-bdf4-9d90e6ddb0c1,5cf9eacb-77c4-4ec6-ba87-a4fc24d05f1a,e8ea07be-afce-4063-abe3-96945fc5c10b,da9ca962-4243-40db-a8f7-25f1e7efab6d,AD-MST,Master Menu,/setup/master-menu,3,false,true,false,true,false,2026-06-15 13:34:26.709285+00,null,null,null,AD-SETG,System Setup,0
6f496f7b-455f-4847-ada9-2bb036f7474e,5cf9eacb-77c4-4ec6-ba87-a4fc24d05f1a,e8ea07be-afce-4063-abe3-96945fc5c10b,da9ca962-4243-40db-a8f7-25f1e7efab6d,AD-CMP,Company Setup,/setup/company,3,false,false,false,true,false,2026-06-15 10:47:16.685568+00,null,null,null,AD-SETG,System Setup,0
26870ce5-1277-4a6e-9575-95f455f06554,5cf9eacb-77c4-4ec6-ba87-a4fc24d05f1a,e8ea07be-afce-4063-abe3-96945fc5c10b,da9ca962-4243-40db-a8f7-25f1e7efab6d,AD-PDC,Period Close,/setup/period-close,3,false,false,true,true,false,2026-07-04 02:10:01.822152+00,null,null,null,AD-SETG,System Setup,0
4938ba52-9d08-44a8-ba83-83aab4c49b26,5cf9eacb-77c4-4ec6-ba87-a4fc24d05f1a,e8ea07be-afce-4063-abe3-96945fc5c10b,da9ca962-4243-40db-a8f7-25f1e7efab6d,AD-BDC,Backdated Entry Control,/setup/backdated-entry-control,4,false,false,false,true,false,2026-07-04 02:10:01.822152+00,null,null,null,AD-SETG,System Setup,0
9bbdc25e-f109-45e1-8fa2-b89c9ea5b374,5cf9eacb-77c4-4ec6-ba87-a4fc24d05f1a,e8ea07be-afce-4063-abe3-96945fc5c10b,da9ca962-4243-40db-a8f7-25f1e7efab6d,AD-LOC,Location Setup,/setup/locations,4,false,false,false,true,false,2026-06-15 10:47:16.685568+00,null,null,null,AD-SETG,System Setup,0
33cd663c-1012-4e00-9f27-4f72cded3d3a,5cf9eacb-77c4-4ec6-ba87-a4fc24d05f1a,e8ea07be-afce-4063-abe3-96945fc5c10b,da9ca962-4243-40db-a8f7-25f1e7efab6d,AD-PDT,Print Templates,/setup/print-templates,5,false,true,false,true,false,2026-07-04 09:21:45.171283+00,null,null,null,AD-SETG,System Setup,0
64f5eff0-fda8-4e9d-a97f-7eb6f0e003dc,5cf9eacb-77c4-4ec6-ba87-a4fc24d05f1a,e8ea07be-afce-4063-abe3-96945fc5c10b,da9ca962-4243-40db-a8f7-25f1e7efab6d,AD-PAYTERM,Payment Terms,/master/payment-terms,5,false,false,false,true,false,2026-07-16 10:10:35.838155+00,null,null,null,AD-SETG,System Setup,0
220f4298-5444-409c-8fb1-1c1aec26cf6d,5cf9eacb-77c4-4ec6-ba87-a4fc24d05f1a,e8ea07be-afce-4063-abe3-96945fc5c10b,da9ca962-4243-40db-a8f7-25f1e7efab6d,AD-CUR,Currency Setup,/setup/currencies,5,false,false,false,true,false,2026-06-15 10:47:16.685568+00,null,null,null,AD-SETG,System Setup,0
7f5dc083-81fa-4b30-85b0-125a42660972,5cf9eacb-77c4-4ec6-ba87-a4fc24d05f1a,e8ea07be-afce-4063-abe3-96945fc5c10b,da9ca962-4243-40db-a8f7-25f1e7efab6d,AD-QIS,Quick Invoice Setup,/setup/quick-invoice-setup,6,false,false,false,true,false,2026-07-16 17:25:03.428734+00,null,null,null,AD-SETG,System Setup,0
b0f007b8-d220-43f2-9752-d335f065a021,5cf9eacb-77c4-4ec6-ba87-a4fc24d05f1a,e8ea07be-afce-4063-abe3-96945fc5c10b,da9ca962-4243-40db-a8f7-25f1e7efab6d,AD-USR,User Management,/setup/users,1,false,false,false,true,false,2026-06-15 10:47:16.685568+00,null,null,null,AD-USMG,User Management,1
1d2f34a9-53ac-4286-aed8-318d7a3670c9,5cf9eacb-77c4-4ec6-ba87-a4fc24d05f1a,e8ea07be-afce-4063-abe3-96945fc5c10b,da9ca962-4243-40db-a8f7-25f1e7efab6d,AD-PRM,User Permissions,/setup/permissions,2,false,false,false,true,false,2026-06-15 10:47:16.685568+00,null,null,null,AD-USMG,User Management,1
ecc461cf-c76b-4529-b835-aba24ac90529,5cf9eacb-77c4-4ec6-ba87-a4fc24d05f1a,e8ea07be-afce-4063-abe3-96945fc5c10b,25ffcd11-734f-4f50-beb4-984d5033267d,FN-RPT-PBR,Pending Bills Register,/reports/PENDING_BILLS_REGISTER,3,false,false,false,true,false,2026-08-04 07:13:38.755063+00,null,null,null,FN-RPT,Reports,1
4f391dc0-cd78-4922-a4ea-c379eaa083a4,5cf9eacb-77c4-4ec6-ba87-a4fc24d05f1a,e8ea07be-afce-4063-abe3-96945fc5c10b,25ffcd11-734f-4f50-beb4-984d5033267d,FN-TRB,Trial Balance,/finance/trial-balance,3,false,false,false,true,false,2026-06-15 10:42:18.223889+00,null,null,null,FN-RPT,Reports,1
4b82f5b7-6f7a-4821-a5e9-d8be47c21cc3,5cf9eacb-77c4-4ec6-ba87-a4fc24d05f1a,e8ea07be-afce-4063-abe3-96945fc5c10b,25ffcd11-734f-4f50-beb4-984d5033267d,FN-PNL,Profit & Loss,/finance/profit-loss,4,false,false,false,true,false,2026-06-15 10:42:18.223889+00,null,null,null,FN-RPT,Reports,1
dadb4ebc-2052-4383-81b8-dbd1587f27a6,5cf9eacb-77c4-4ec6-ba87-a4fc24d05f1a,e8ea07be-afce-4063-abe3-96945fc5c10b,25ffcd11-734f-4f50-beb4-984d5033267d,FN-RPT-PBG,Pending Bills by Customer,/reports/PENDING_BILLS_BY_CUSTOMER,4,false,false,false,true,false,2026-08-04 07:13:38.755063+00,null,null,null,FN-RPT,Reports,1
c402a559-82ef-44c7-ac16-a736519ec8f2,5cf9eacb-77c4-4ec6-ba87-a4fc24d05f1a,e8ea07be-afce-4063-abe3-96945fc5c10b,25ffcd11-734f-4f50-beb4-984d5033267d,FN-BSH,Balance Sheet,/finance/balance-sheet,5,false,false,false,true,false,2026-06-15 10:42:18.223889+00,null,null,null,FN-RPT,Reports,1
e4196c69-003a-4bd8-86b5-cbeb674326d5,5cf9eacb-77c4-4ec6-ba87-a4fc24d05f1a,e8ea07be-afce-4063-abe3-96945fc5c10b,25ffcd11-734f-4f50-beb4-984d5033267d,FN-PRV,Payment/Receipt Voucher,/finance/voucher-list,0,false,true,true,true,false,2026-06-20 02:49:23.22345+00,null,null,null,FN-TXN,Transactions,0
54a18477-3aee-49c0-948e-15113c11b98c,5cf9eacb-77c4-4ec6-ba87-a4fc24d05f1a,e8ea07be-afce-4063-abe3-96945fc5c10b,25ffcd11-734f-4f50-beb4-984d5033267d,FN-EX,Exchange Rates,/finance/exchange-rates,0,false,false,false,true,false,2026-06-19 15:42:34.79277+00,null,null,null,FN-TXN,Transactions,0
eb2187e7-0afd-4c37-9f5b-b61328e3a84a,5cf9eacb-77c4-4ec6-ba87-a4fc24d05f1a,e8ea07be-afce-4063-abe3-96945fc5c10b,25ffcd11-734f-4f50-beb4-984d5033267d,FN-CTR,Contra Voucher,/finance/contra,1,false,true,true,true,false,2026-07-23 12:48:17.639188+00,null,null,null,FN-TXN,Transactions,0
cca9d24d-899d-46a2-b16f-5a513f014074,5cf9eacb-77c4-4ec6-ba87-a4fc24d05f1a,e8ea07be-afce-4063-abe3-96945fc5c10b,25ffcd11-734f-4f50-beb4-984d5033267d,FN-JRN,Journal Entry,/finance/journal,1,false,false,true,true,false,2026-06-15 10:42:18.223889+00,null,null,null,FN-TXN,Transactions,0
98dfd5f4-80a1-4080-aea1-77fcabccd4a5,5cf9eacb-77c4-4ec6-ba87-a4fc24d05f1a,e8ea07be-afce-4063-abe3-96945fc5c10b,25ffcd11-734f-4f50-beb4-984d5033267d,FN-CBK,Cash Book,/finance/cashbook,2,false,false,false,true,false,2026-06-15 10:42:18.223889+00,null,null,null,FN-TXN,Transactions,0
3cf3015f-b5ce-431f-ba4c-f6ca0b0854c3,5cf9eacb-77c4-4ec6-ba87-a4fc24d05f1a,e8ea07be-afce-4063-abe3-96945fc5c10b,25ffcd11-734f-4f50-beb4-984d5033267d,FN-EXP,Expense Voucher,/finance/expense-vouchers,2,false,false,true,true,false,2026-07-23 14:48:07.775159+00,null,null,null,FN-TXN,Transactions,0
2fa56504-5ec0-4b46-ac19-ccd6f5c79cfb,5cf9eacb-77c4-4ec6-ba87-a4fc24d05f1a,e8ea07be-afce-4063-abe3-96945fc5c10b,cc66e391-89de-4c13-997c-9f1efd147207,IN-STK,Stock List,/inventory/stock,1,false,false,false,true,false,2026-06-15 10:42:18.223889+00,null,null,null,IN-OPS,Operations,0
8a1eb563-c1fa-4aaf-9dce-564aa7a45cf5,5cf9eacb-77c4-4ec6-ba87-a4fc24d05f1a,e8ea07be-afce-4063-abe3-96945fc5c10b,cc66e391-89de-4c13-997c-9f1efd147207,IN-TRF,Stock Transfer,/inventory/transfers,2,false,false,true,true,false,2026-06-15 10:42:18.223889+00,null,null,null,IN-OPS,Operations,0
ca97d4b3-038e-4f4d-9092-2828dbcd15fe,5cf9eacb-77c4-4ec6-ba87-a4fc24d05f1a,e8ea07be-afce-4063-abe3-96945fc5c10b,cc66e391-89de-4c13-997c-9f1efd147207,IN-MRQ,Material Requisition,/inventory/requisitions,3,false,false,true,true,false,2026-07-07 04:09:44.645918+00,null,null,null,IN-OPS,Operations,0
6d21a73a-153b-4e19-a01a-33bd79b21258,5cf9eacb-77c4-4ec6-ba87-a4fc24d05f1a,e8ea07be-afce-4063-abe3-96945fc5c10b,cc66e391-89de-4c13-997c-9f1efd147207,IN-ADJ,Stock Adjustment,/inventory/adjustments,3,false,false,true,true,false,2026-06-15 10:42:18.223889+00,null,null,null,IN-OPS,Operations,0
bba4e4d6-64b6-4f9e-9f74-78d531f6ce45,5cf9eacb-77c4-4ec6-ba87-a4fc24d05f1a,e8ea07be-afce-4063-abe3-96945fc5c10b,cc66e391-89de-4c13-997c-9f1efd147207,IN-MIS,Material Issue,/inventory/material-issue,4,false,false,true,true,false,2026-07-07 04:09:44.645918+00,null,null,null,IN-OPS,Operations,0
6e3fa2df-4228-4f63-8fb8-b2e812f17506,5cf9eacb-77c4-4ec6-ba87-a4fc24d05f1a,e8ea07be-afce-4063-abe3-96945fc5c10b,cc66e391-89de-4c13-997c-9f1efd147207,IN-STR,Stock Transfer Request,/inventory/stock-transfer-requests,5,false,false,true,true,false,2026-07-07 09:32:37.329552+00,null,null,null,IN-OPS,Operations,0
f02fa03f-85a0-4482-9228-cda34ed22779,5cf9eacb-77c4-4ec6-ba87-a4fc24d05f1a,e8ea07be-afce-4063-abe3-96945fc5c10b,cc66e391-89de-4c13-997c-9f1efd147207,IN-SRC,Stock Receipt,/inventory/stock-receipts,6,false,false,true,true,false,2026-07-07 09:32:37.329552+00,null,null,null,IN-OPS,Operations,0
a2121f16-c352-4098-a771-0b6ca0d2d6a5,5cf9eacb-77c4-4ec6-ba87-a4fc24d05f1a,e8ea07be-afce-4063-abe3-96945fc5c10b,cc66e391-89de-4c13-997c-9f1efd147207,IN-OPN,Opening Stock,/inventory/opening-stock,7,true,false,true,true,false,2026-07-08 11:53:13.426154+00,null,null,null,IN-OPS,Operations,0
87e6db9b-65de-4987-8782-a72b29038ef0,5cf9eacb-77c4-4ec6-ba87-a4fc24d05f1a,e8ea07be-afce-4063-abe3-96945fc5c10b,cc66e391-89de-4c13-997c-9f1efd147207,IN-CNT,Stock Count,/inventory/stock-count,8,true,true,true,true,false,2026-07-08 14:45:58.592652+00,null,null,null,IN-OPS,Operations,0
c3309813-1f98-43a4-9937-163758aa4d68,5cf9eacb-77c4-4ec6-ba87-a4fc24d05f1a,e8ea07be-afce-4063-abe3-96945fc5c10b,cc66e391-89de-4c13-997c-9f1efd147207,IN-CNR,Stock Count Review,/inventory/stock-count-review,9,false,false,true,true,false,2026-07-08 14:46:37.097617+00,null,null,null,IN-OPS,Operations,0
9292188d-1d13-4af5-a089-c51a0db79181,5cf9eacb-77c4-4ec6-ba87-a4fc24d05f1a,e8ea07be-afce-4063-abe3-96945fc5c10b,cc66e391-89de-4c13-997c-9f1efd147207,IN-RPT-SBM,Stock Balance by Location,/reports/STOCK_BALANCE_MATRIX,10,false,false,false,true,false,2026-08-04 07:13:38.755063+00,null,null,null,IN-RPT,Reports,5
e3f72d0f-8527-48d1-a0f7-d75a9e74f2c2,5cf9eacb-77c4-4ec6-ba87-a4fc24d05f1a,e8ea07be-afce-4063-abe3-96945fc5c10b,cc66e391-89de-4c13-997c-9f1efd147207,IN-DCA,Consumption Area Setup,/inventory/department-consumption-areas,0,false,false,false,true,false,2026-07-07 04:09:44.645918+00,null,null,null,IN-SETG,Setup,1
cda8ad66-a7a2-4c94-8e45-f057bead63cd,5cf9eacb-77c4-4ec6-ba87-a4fc24d05f1a,e8ea07be-afce-4063-abe3-96945fc5c10b,bb545192-1c07-4ee9-bc75-3d97965fe08a,PR-POL,Purchase Orders,/purchase/orders,1,true,true,true,true,false,2026-07-03 10:11:06.477667+00,null,null,null,PR-TXN,Transactions,0
77ca9f1f-62d9-482a-badd-a038b634d6de,5cf9eacb-77c4-4ec6-ba87-a4fc24d05f1a,e8ea07be-afce-4063-abe3-96945fc5c10b,bb545192-1c07-4ee9-bc75-3d97965fe08a,PR-PO,Create Purchase Order,/purchase/order-entry,1,false,true,true,true,false,2026-06-15 10:42:18.223889+00,null,null,null,PR-TXN,Transactions,0
8e217876-cb3b-4ccc-8669-e4fe36320025,5cf9eacb-77c4-4ec6-ba87-a4fc24d05f1a,e8ea07be-afce-4063-abe3-96945fc5c10b,bb545192-1c07-4ee9-bc75-3d97965fe08a,PR-GRE,GRN Entry,/purchase/grn-entry,2,true,true,true,true,false,2026-07-04 11:46:43.39008+00,null,null,null,PR-TXN,Transactions,0
197f7001-99ee-449b-9898-05ed5df796be,5cf9eacb-77c4-4ec6-ba87-a4fc24d05f1a,e8ea07be-afce-4063-abe3-96945fc5c10b,bb545192-1c07-4ee9-bc75-3d97965fe08a,PR-GRN,Goods Receipt,/purchase/grn,2,false,false,true,true,false,2026-06-15 10:42:18.223889+00,null,null,null,PR-TXN,Transactions,0
d81f3d5f-6174-4912-9bd7-27947bd848b7,5cf9eacb-77c4-4ec6-ba87-a4fc24d05f1a,e8ea07be-afce-4063-abe3-96945fc5c10b,bb545192-1c07-4ee9-bc75-3d97965fe08a,PR-GRL,GRN List,/purchase/grn,3,true,true,true,true,false,2026-07-04 11:50:21.19739+00,null,null,null,PR-TXN,Transactions,0
c27f22e7-2ca9-43eb-9c3b-4c2b43f74d24,5cf9eacb-77c4-4ec6-ba87-a4fc24d05f1a,e8ea07be-afce-4063-abe3-96945fc5c10b,bb545192-1c07-4ee9-bc75-3d97965fe08a,PR-RET,Purchase Return,/purchase/returns,3,false,false,true,true,false,2026-07-06 15:12:40.892189+00,null,null,null,PR-TXN,Transactions,0
b81918ab-224e-4652-ad99-18d0045c13de,5cf9eacb-77c4-4ec6-ba87-a4fc24d05f1a,e8ea07be-afce-4063-abe3-96945fc5c10b,bb545192-1c07-4ee9-bc75-3d97965fe08a,PR-INV,Purchase Invoice,/purchase/invoices,3,false,true,true,true,false,2026-06-15 10:42:18.223889+00,null,null,null,PR-TXN,Transactions,0
06f4a306-3a88-48e4-900a-79f0871f2c7a,5cf9eacb-77c4-4ec6-ba87-a4fc24d05f1a,e8ea07be-afce-4063-abe3-96945fc5c10b,bb545192-1c07-4ee9-bc75-3d97965fe08a,PR-PAY,Supplier Payment,/purchase/payments,4,false,false,false,true,false,2026-06-15 10:42:18.223889+00,null,null,null,PR-TXN,Transactions,0
c1ad9cd5-8fdd-4515-8f95-ae3439f3ba36,5cf9eacb-77c4-4ec6-ba87-a4fc24d05f1a,e8ea07be-afce-4063-abe3-96945fc5c10b,b8c81068-8a3f-40c8-88b2-8b332d3148df,SL-PRC,Price Master,/sales/price-master,0,false,false,true,true,false,2026-07-13 16:49:42.492576+00,null,null,null,SL-MST,Pricing & Setup,0
b6b8de66-640b-4dcf-aff1-ab52e5d244c2,5cf9eacb-77c4-4ec6-ba87-a4fc24d05f1a,e8ea07be-afce-4063-abe3-96945fc5c10b,b8c81068-8a3f-40c8-88b2-8b332d3148df,SL-EXE,Sales Executives,/sales/sales-executives,1,false,false,false,true,false,2026-07-21 14:22:21.189382+00,null,null,null,SL-MST,Pricing & Setup,0
55d7696b-99a0-4fc0-a9ed-743bbbac7fd6,5cf9eacb-77c4-4ec6-ba87-a4fc24d05f1a,e8ea07be-afce-4063-abe3-96945fc5c10b,b8c81068-8a3f-40c8-88b2-8b332d3148df,SL-QUO,Sales Quotation,/sales/quotations,0,false,true,true,true,false,2026-07-10 13:23:30.200161+00,null,null,null,SL-TXN,Transactions,1
ae2659c7-3e63-4ff0-8bf1-a2dc3663d6fb,5cf9eacb-77c4-4ec6-ba87-a4fc24d05f1a,e8ea07be-afce-4063-abe3-96945fc5c10b,b8c81068-8a3f-40c8-88b2-8b332d3148df,SL-SO,Sales Order,/sales/orders,1,false,true,true,true,false,2026-07-16 10:10:53.444847+00,null,null,null,SL-TXN,Transactions,1
790e8130-6dea-4665-b865-b7b7172e5cb0,5cf9eacb-77c4-4ec6-ba87-a4fc24d05f1a,e8ea07be-afce-4063-abe3-96945fc5c10b,b8c81068-8a3f-40c8-88b2-8b332d3148df,SL-INV,Sales Invoice,/sales/invoices,3,false,true,true,true,false,2026-06-15 10:42:18.223889+00,null,null,null,SL-TXN,Transactions,1
60cb87b2-fc57-483a-840f-55e29d734f58,5cf9eacb-77c4-4ec6-ba87-a4fc24d05f1a,e8ea07be-afce-4063-abe3-96945fc5c10b,b8c81068-8a3f-40c8-88b2-8b332d3148df,SL-INR,Pending Approvals,/sales/pending-approvals,3,false,false,true,true,false,2026-07-16 17:25:03.428734+00,null,null,null,SL-TXN,Transactions,1
32f80b4a-26da-4cdb-b319-cb16931581d0,5cf9eacb-77c4-4ec6-ba87-a4fc24d05f1a,e8ea07be-afce-4063-abe3-96945fc5c10b,b8c81068-8a3f-40c8-88b2-8b332d3148df,SL-DEL,Sales Delivery,/sales/deliveries,5,false,false,true,true,false,2026-07-21 09:16:53.218366+00,null,null,null,SL-TXN,Transactions,1
a3ce31fc-55cc-4ed1-a3f2-8ad4285b5886,5cf9eacb-77c4-4ec6-ba87-a4fc24d05f1a,e8ea07be-afce-4063-abe3-96945fc5c10b,b8c81068-8a3f-40c8-88b2-8b332d3148df,SL-RCP,Cash Receipt,/sales/receipts,6,false,false,false,true,false,2026-06-15 10:42:18.223889+00,null,null,null,SL-TXN,Transactions,1
b80fd79d-9ae4-4983-8999-db31c3921ba2,5cf9eacb-77c4-4ec6-ba87-a4fc24d05f1a,e8ea07be-afce-4063-abe3-96945fc5c10b,b8c81068-8a3f-40c8-88b2-8b332d3148df,SL-RET,Sales Return,/sales/returns,7,false,false,false,true,false,2026-06-15 10:42:18.223889+00,null,null,null,SL-TXN,Transactions,1